Date,Stock,Sector,Open,High,Low,Close,Volume
2025-12-22,NIFTY50,Index,22455.0,22635.0,22365.0,22500.0,17658426
2025-12-23,NIFTY50,Index,22569.37,22750.29,22478.92,22614.6,16404003
2025-12-24,NIFTY50,Index,22548.92,22729.67,22458.54,22594.1,14135314
2025-12-25,NIFTY50,Index,22695.94,22877.87,22604.97,22741.42,10910681
2025-12-26,NIFTY50,Index,23031.64,23216.26,22939.33,23077.79,11607618
2025-12-29,NIFTY50,Index,22989.89,23174.18,22897.75,23035.96,13896830
2025-12-30,NIFTY50,Index,22948.23,23132.18,22856.25,22994.21,14336787
2025-12-31,NIFTY50,Index,23299.84,23486.62,23206.46,23346.54,12755423
2026-01-01,NIFTY50,Index,23478.12,23666.32,23384.02,23525.17,20421958
2026-01-02,NIFTY50,Index,23383.36,23570.8,23289.64,23430.22,20700595
2026-01-05,NIFTY50,Index,23512.6,23701.07,23418.36,23559.72,22984808
2026-01-06,NIFTY50,Index,23419.04,23606.77,23325.18,23465.97,24764960
2026-01-07,NIFTY50,Index,23325.35,23512.33,23231.86,23372.09,23060007
2026-01-08,NIFTY50,Index,23388.01,23575.49,23294.27,23434.88,10071295
2026-01-09,NIFTY50,Index,22974.54,23158.7,22882.45,23020.58,19132582
2026-01-12,NIFTY50,Index,22609.27,22790.5,22518.65,22654.57,23470033
2026-01-13,NIFTY50,Index,22498.18,22678.53,22408.01,22543.27,17613287
2026-01-14,NIFTY50,Index,22291.87,22470.56,22202.52,22336.54,13445376
2026-01-15,NIFTY50,Index,22366.98,22546.27,22277.33,22411.8,15251035
2026-01-16,NIFTY50,Index,22184.01,22361.84,22095.1,22228.47,13612600
2026-01-19,NIFTY50,Index,21896.84,22072.37,21809.08,21940.72,10825816
2026-01-20,NIFTY50,Index,22208.85,22386.88,22119.84,22253.36,18763313
2026-01-21,NIFTY50,Index,22170.36,22348.07,22081.5,22214.78,22105878
2026-01-22,NIFTY50,Index,22193.37,22371.27,22104.42,22237.85,20245534
2026-01-23,NIFTY50,Index,21903.47,22079.05,21815.68,21947.36,20047453
2026-01-26,NIFTY50,Index,21799.56,21974.3,21712.19,21843.24,12026793
2026-01-27,NIFTY50,Index,21831.13,22006.13,21743.63,21874.88,10554594
2026-01-28,NIFTY50,Index,21602.43,21775.59,21515.84,21645.72,18536326
2026-01-29,NIFTY50,Index,21687.76,21861.61,21600.83,21731.22,23228175
2026-01-30,NIFTY50,Index,21573.34,21746.28,21486.88,21616.58,13504473
2026-02-02,NIFTY50,Index,21522.51,21695.04,21436.25,21565.64,17299695
2026-02-03,NIFTY50,Index,21408.75,21580.36,21322.94,21451.65,12204664
2026-02-04,NIFTY50,Index,21792.02,21966.7,21704.68,21835.69,14341747
2026-02-05,NIFTY50,Index,21797.96,21972.69,21710.59,21841.64,19907771
2026-02-06,NIFTY50,Index,21588.82,21761.87,21502.29,21632.08,22956528
2026-02-09,NIFTY50,Index,21765.25,21939.72,21678.01,21808.87,10686976
2026-02-10,NIFTY50,Index,21522.87,21695.4,21436.61,21566.0,23997359
2026-02-11,NIFTY50,Index,21573.96,21746.9,21487.49,21617.19,12472189
2026-02-12,NIFTY50,Index,21183.1,21352.9,21098.2,21225.55,21529867
2026-02-13,NIFTY50,Index,20925.72,21093.46,20841.85,20967.66,18506404
2026-02-16,NIFTY50,Index,20973.02,21141.14,20888.96,21015.05,11241082
2026-02-17,NIFTY50,Index,21127.75,21297.11,21043.07,21170.09,15184502
2026-02-18,NIFTY50,Index,21170.42,21340.12,21085.56,21212.84,23281288
2026-02-19,NIFTY50,Index,21155.75,21325.34,21070.96,21198.15,16561000
2026-02-20,NIFTY50,Index,21104.02,21273.19,21019.44,21146.31,16671458
2026-02-23,NIFTY50,Index,20817.62,20984.5,20734.19,20859.34,14892306
2026-02-24,NIFTY50,Index,20684.35,20850.16,20601.45,20725.8,24170927
2026-02-25,NIFTY50,Index,20602.59,20767.75,20520.02,20643.88,22503247
2026-02-26,NIFTY50,Index,20816.63,20983.5,20733.2,20858.35,21076738
2026-02-27,NIFTY50,Index,20892.55,21060.02,20808.81,20934.42,13674515
2026-03-02,NIFTY50,Index,20552.85,20717.6,20470.48,20594.04,11579159
2026-03-03,NIFTY50,Index,20624.01,20789.34,20541.35,20665.34,19295925
2026-03-04,NIFTY50,Index,20557.22,20722.01,20474.82,20598.41,20873975
2026-03-05,NIFTY50,Index,20433.95,20597.75,20352.05,20474.9,14515488
2026-03-06,NIFTY50,Index,20560.23,20725.04,20477.82,20601.43,16041495
2026-03-09,NIFTY50,Index,20768.75,20935.23,20685.51,20810.37,24054003
2026-03-10,NIFTY50,Index,20959.82,21127.83,20875.81,21001.82,19056842
2026-03-11,NIFTY50,Index,20801.99,20968.74,20718.62,20843.68,18767088
2026-03-12,NIFTY50,Index,20749.54,20915.86,20666.37,20791.12,16324167
2026-03-13,NIFTY50,Index,20822.78,20989.7,20739.33,20864.51,10791971
2026-03-16,NIFTY50,Index,21023.06,21191.58,20938.8,21065.19,10501157
2026-03-17,NIFTY50,Index,20936.28,21104.11,20852.37,20978.24,14378727
2026-03-18,NIFTY50,Index,20907.93,21075.52,20824.13,20949.83,14124499
2026-03-19,NIFTY50,Index,20697.72,20863.63,20614.76,20739.2,21002109
2026-03-20,NIFTY50,Index,20472.05,20636.16,20390.0,20513.08,15946594
2026-03-23,NIFTY50,Index,20637.42,20802.85,20554.7,20678.77,15106799
2026-03-24,NIFTY50,Index,20910.15,21077.76,20826.34,20952.05,21310552
2026-03-25,NIFTY50,Index,20904.28,21071.85,20820.5,20946.17,24368866
2026-03-26,NIFTY50,Index,21110.87,21280.09,21026.26,21153.18,14327576
2026-03-27,NIFTY50,Index,21191.45,21361.32,21106.52,21233.92,14962140
2026-03-30,NIFTY50,Index,21070.75,21239.65,20986.3,21112.98,21471761
2026-03-31,NIFTY50,Index,21151.13,21320.68,21066.36,21193.52,12799487
2026-04-01,NIFTY50,Index,21466.98,21639.06,21380.94,21510.0,12904941
2026-04-02,NIFTY50,Index,21468.3,21640.39,21382.26,21511.33,17983441
2026-04-03,NIFTY50,Index,21794.29,21968.99,21706.94,21837.96,15320385
2026-04-06,NIFTY50,Index,21263.5,21433.95,21178.28,21306.12,12100021
2026-04-07,NIFTY50,Index,21437.15,21608.99,21351.23,21480.11,23364386
2026-04-08,NIFTY50,Index,21463.35,21635.41,21377.33,21506.37,19749436
2026-04-09,NIFTY50,Index,21411.3,21582.93,21325.48,21454.21,16928040
2026-04-10,NIFTY50,Index,21438.43,21610.28,21352.5,21481.39,10618467
2026-04-13,NIFTY50,Index,21044.37,21213.07,20960.03,21086.55,15333152
2026-04-14,NIFTY50,Index,21009.11,21177.52,20924.9,21051.21,20524227
2026-04-15,NIFTY50,Index,21088.41,21257.45,21003.88,21130.67,22344096
2026-04-16,NIFTY50,Index,21391.34,21562.81,21305.6,21434.2,17328141
2026-04-17,NIFTY50,Index,21295.14,21465.84,21209.78,21337.81,15072148
2026-04-20,NIFTY50,Index,21140.97,21310.43,21056.23,21183.33,23062959
2026-04-21,NIFTY50,Index,21049.19,21217.92,20964.83,21091.37,11707923
2026-04-22,NIFTY50,Index,21239.68,21409.94,21154.55,21282.25,23690359
2026-04-23,NIFTY50,Index,21314.16,21485.01,21228.73,21356.87,15134207
2026-04-24,NIFTY50,Index,21215.99,21386.06,21130.95,21258.51,18516999
2026-04-27,NIFTY50,Index,21327.37,21498.33,21241.89,21370.11,16730886
2026-04-28,NIFTY50,Index,21355.47,21526.65,21269.87,21398.26,19405634
2026-04-29,NIFTY50,Index,21559.47,21732.29,21473.06,21602.68,15853584
2026-04-30,NIFTY50,Index,21425.07,21596.82,21339.2,21468.01,24488191
2026-05-01,NIFTY50,Index,21367.31,21538.59,21281.67,21410.13,18170528
2026-05-04,NIFTY50,Index,21296.69,21467.4,21211.33,21339.37,24936751
2026-05-05,NIFTY50,Index,21010.7,21179.12,20926.49,21052.8,14301754
2026-05-06,NIFTY50,Index,21077.89,21246.85,20993.41,21120.13,12269042
2026-05-07,NIFTY50,Index,21138.32,21307.76,21053.59,21180.68,24962038
2026-05-08,NIFTY50,Index,21147.79,21317.31,21063.03,21190.17,11983509
2026-05-11,NIFTY50,Index,21109.37,21278.59,21024.77,21151.68,17740141
2026-05-12,NIFTY50,Index,20835.5,21002.52,20751.99,20877.26,10116381
2026-05-13,NIFTY50,Index,20761.02,20927.44,20677.81,20802.63,11521701
2026-05-14,NIFTY50,Index,20702.09,20868.04,20619.12,20743.58,20008805
2026-05-15,NIFTY50,Index,20553.44,20718.19,20471.06,20594.62,20620268
2026-05-18,NIFTY50,Index,20530.33,20694.9,20448.05,20571.48,20166834
2026-05-19,NIFTY50,Index,20616.93,20782.19,20534.3,20658.24,16105525
2026-05-20,NIFTY50,Index,20992.63,21160.9,20908.49,21034.7,19587994
2026-05-21,NIFTY50,Index,21035.65,21204.28,20951.34,21077.81,13438618
2026-05-22,NIFTY50,Index,21095.26,21264.36,21010.71,21137.54,17913697
2026-05-25,NIFTY50,Index,21088.86,21257.91,21004.33,21131.12,20403092
2026-05-26,NIFTY50,Index,20714.94,20880.99,20631.91,20756.45,21326237
2026-05-27,NIFTY50,Index,20718.03,20884.11,20635.0,20759.55,12457184
2026-05-28,NIFTY50,Index,20738.11,20904.35,20654.99,20779.67,21532571
2026-05-29,NIFTY50,Index,21229.1,21399.27,21144.01,21271.64,14103022
2026-06-01,NIFTY50,Index,21199.0,21368.93,21114.04,21241.49,11418175
2026-06-02,NIFTY50,Index,21267.89,21438.37,21182.64,21310.51,13806688
2026-06-03,NIFTY50,Index,21269.42,21439.91,21184.17,21312.04,23312815
2026-06-04,NIFTY50,Index,21043.05,21211.73,20958.71,21085.22,24725778
2026-06-05,NIFTY50,Index,21278.7,21449.27,21193.42,21321.34,17265795
2026-06-08,NIFTY50,Index,21438.4,21610.25,21352.47,21481.36,13772962
2026-06-09,NIFTY50,Index,21607.22,21780.42,21520.62,21650.52,22580031
2026-06-10,NIFTY50,Index,21430.19,21601.98,21344.3,21473.14,14041776
2026-06-11,NIFTY50,Index,21722.82,21896.96,21635.76,21766.36,12727423
2026-06-12,NIFTY50,Index,21443.77,21615.66,21357.82,21486.74,15709840
2026-06-15,NIFTY50,Index,21571.26,21744.17,21484.8,21614.49,20149035
2026-06-16,NIFTY50,Index,22026.36,22202.93,21938.08,22070.5,22707035
2026-06-17,NIFTY50,Index,21829.01,22004.0,21741.52,21872.76,15130397
2026-06-18,NIFTY50,Index,21720.94,21895.05,21633.88,21764.47,13451356
2026-06-19,NIFTY50,Index,21750.08,21924.43,21662.91,21793.67,19520173
